{"cameraMode":{"drawMode":0,"name":"Shaded","section":"Shading Mode"},"sceneLighting":false,"audioPlay":false,"sceneViewState":{"m_AlwaysRefresh":false,"showFog":true,"showSkybox":false,"showFlares":true,"showImageEffects":true,"showParticleSystems":true,"showVisualEffectGraphs":true,"m_FxEnabled":true},"in2DMode":false,"pivot":{"x":3.4700000286102297,"y":0.9922871589660645,"z":-2.506618022918701},"rotation":{"x":-0.01200773660093546,"y":-0.019775917753577234,"z":0.00023245863849297166,"w":-0.9997591972351074},"size":1.5063903331756592,"orthographic":false}